<keymap version="1" name="VSCode (macOS) copy" parent="VSCode OSX">
  <action id="ActivateTerminalToolWindow">
    <keyboard-shortcut first-keystroke="shift ctrl #10000b4" />
    <keyboard-shortcut first-keystroke="shift ctrl dead_acute" />
  </action>
  <action id="CommentByLineComment">
    <keyboard-shortcut first-keystroke="shift meta 7" />
  </action>
  <action id="GotoAction">
    <keyboard-shortcut first-keystroke="f1" />
    <keyboard-shortcut first-keystroke="shift meta p" />
  </action>
</keymap>